,original,predicated
0,"tf.Tensor([ True False], shape=(2,), dtype=bool)",[1.0000000e+00 3.6393356e-08]
1,"tf.Tensor([False  True], shape=(2,), dtype=bool)",[6.296717e-27 1.000000e+00]
2,"tf.Tensor([ True False], shape=(2,), dtype=bool)",[1.00000000e+00 1.09090665e-08]
3,"tf.Tensor([False  True], shape=(2,), dtype=bool)",[7.2057834e-30 1.0000000e+00]
4,"tf.Tensor([False  True], shape=(2,), dtype=bool)",[2.1048e-23 1.0000e+00]
5,"tf.Tensor([False  True], shape=(2,), dtype=bool)",[3.0582025e-32 1.0000000e+00]
6,"tf.Tensor([False  True], shape=(2,), dtype=bool)",[1.7275111e-20 1.0000000e+00]
7,"tf.Tensor([False  True], shape=(2,), dtype=bool)",[4.83019e-31 1.00000e+00]
8,"tf.Tensor([False  True], shape=(2,), dtype=bool)",[0. 1.]
9,"tf.Tensor([ True False], shape=(2,), dtype=bool)",[2.7101094e-10 1.0000000e+00]
10,"tf.Tensor([ True False], shape=(2,), dtype=bool)",[9.9999607e-01 3.8766429e-06]
11,"tf.Tensor([False  True], shape=(2,), dtype=bool)",[1.2307829e-35 1.0000000e+00]
12,"tf.Tensor([False  True], shape=(2,), dtype=bool)",[1.09811165e-33 1.00000000e+00]
13,"tf.Tensor([False  True], shape=(2,), dtype=bool)",[9.9999464e-01 5.3580670e-06]
14,"tf.Tensor([ True False], shape=(2,), dtype=bool)",[3.5740584e-13 1.0000000e+00]
15,"tf.Tensor([ True False], shape=(2,), dtype=bool)",[3.6169813e-04 9.9963832e-01]
16,"tf.Tensor([False  True], shape=(2,), dtype=bool)",[1.7595358e-19 1.0000000e+00]
17,"tf.Tensor([False  True], shape=(2,), dtype=bool)",[4.0148995e-12 1.0000000e+00]
18,"tf.Tensor([False  True], shape=(2,), dtype=bool)",[3.475003e-20 1.000000e+00]
19,"tf.Tensor([False  True], shape=(2,), dtype=bool)",[4.1076574e-12 1.0000000e+00]
20,"tf.Tensor([ True False], shape=(2,), dtype=bool)",[6.0489442e-04 9.9939513e-01]
21,"tf.Tensor([False  True], shape=(2,), dtype=bool)",[1.6231127e-20 1.0000000e+00]
22,"tf.Tensor([False  True], shape=(2,), dtype=bool)",[5.5060565e-30 1.0000000e+00]
23,"tf.Tensor([ True False], shape=(2,), dtype=bool)",[2.9069658e-06 9.9999714e-01]
24,"tf.Tensor([False  True], shape=(2,), dtype=bool)",[6.002853e-18 1.000000e+00]
25,"tf.Tensor([ True False], shape=(2,), dtype=bool)",[9.9999988e-01 1.0545599e-07]
26,"tf.Tensor([ True False], shape=(2,), dtype=bool)",[0.06391959 0.93608046]
27,"tf.Tensor([False  True], shape=(2,), dtype=bool)",[0. 1.]
28,"tf.Tensor([ True False], shape=(2,), dtype=bool)",[1.1047053e-05 9.9998891e-01]
29,"tf.Tensor([False  True], shape=(2,), dtype=bool)",[2.4509919e-21 1.0000000e+00]
30,"tf.Tensor([ True False], shape=(2,), dtype=bool)",[1.7965332e-04 9.9982041e-01]
31,"tf.Tensor([ True False], shape=(2,), dtype=bool)",[9.9977940e-01 2.2060446e-04]
32,"tf.Tensor([ True False], shape=(2,), dtype=bool)",[1.8515689e-08 1.0000000e+00]
33,"tf.Tensor([ True False], shape=(2,), dtype=bool)",[9.9953365e-01 4.6638882e-04]
34,"tf.Tensor([ True False], shape=(2,), dtype=bool)",[8.3396408e-05 9.9991655e-01]
35,"tf.Tensor([False  True], shape=(2,), dtype=bool)",[3.1280805e-14 1.0000000e+00]
36,"tf.Tensor([False  True], shape=(2,), dtype=bool)",[1.0810983e-20 1.0000000e+00]
37,"tf.Tensor([False  True], shape=(2,), dtype=bool)",[6.140433e-08 9.999999e-01]
38,"tf.Tensor([ True False], shape=(2,), dtype=bool)",[5.4236027e-10 1.0000000e+00]
39,"tf.Tensor([False  True], shape=(2,), dtype=bool)",[1.2542602e-25 1.0000000e+00]
40,"tf.Tensor([ True False], shape=(2,), dtype=bool)",[9.999906e-01 9.392620e-06]
41,"tf.Tensor([ True False], shape=(2,), dtype=bool)",[8.0898066e-11 1.0000000e+00]
42,"tf.Tensor([ True False], shape=(2,), dtype=bool)",[1.2932811e-16 1.0000000e+00]
43,"tf.Tensor([False  True], shape=(2,), dtype=bool)",[2.4095232e-07 9.9999976e-01]
44,"tf.Tensor([ True False], shape=(2,), dtype=bool)",[1.0226714e-09 1.0000000e+00]
45,"tf.Tensor([False  True], shape=(2,), dtype=bool)",[6.521224e-28 1.000000e+00]
46,"tf.Tensor([ True False], shape=(2,), dtype=bool)",[0.16245314 0.8375469 ]
47,"tf.Tensor([False  True], shape=(2,), dtype=bool)",[4.8198924e-27 1.0000000e+00]
48,"tf.Tensor([ True False], shape=(2,), dtype=bool)",[1.0000000e+00 4.8219988e-08]
49,"tf.Tensor([False  True], shape=(2,), dtype=bool)",[0. 1.]
50,"tf.Tensor([ True False], shape=(2,), dtype=bool)",[9.0845305e-08 9.9999988e-01]
51,"tf.Tensor([False  True], shape=(2,), dtype=bool)",[0. 1.]
52,"tf.Tensor([ True False], shape=(2,), dtype=bool)",[1.0136727e-06 9.9999893e-01]
53,"tf.Tensor([ True False], shape=(2,), dtype=bool)",[1.2963945e-10 1.0000000e+00]
54,"tf.Tensor([False  True], shape=(2,), dtype=bool)",[4.624683e-27 1.000000e+00]
55,"tf.Tensor([ True False], shape=(2,), dtype=bool)",[9.9999034e-01 9.6472304e-06]
56,"tf.Tensor([ True False], shape=(2,), dtype=bool)",[3.1189097e-07 9.9999964e-01]
57,"tf.Tensor([False  True], shape=(2,), dtype=bool)",[3.1332745e-22 1.0000000e+00]
58,"tf.Tensor([ True False], shape=(2,), dtype=bool)",[1.0000000e+00 3.5730363e-09]
59,"tf.Tensor([False  True], shape=(2,), dtype=bool)",[7.2886995e-21 1.0000000e+00]
60,"tf.Tensor([ True False], shape=(2,), dtype=bool)",[0.09631716 0.9036829 ]
61,"tf.Tensor([False  True], shape=(2,), dtype=bool)",[1.3951256e-16 1.0000000e+00]
62,"tf.Tensor([ True False], shape=(2,), dtype=bool)",[7.4292412e-09 1.0000000e+00]
63,"tf.Tensor([False  True], shape=(2,), dtype=bool)",[3.2789496e-37 1.0000000e+00]
64,"tf.Tensor([ True False], shape=(2,), dtype=bool)",[9.9996924e-01 3.0708754e-05]
65,"tf.Tensor([ True False], shape=(2,), dtype=bool)",[1.3508262e-15 1.0000000e+00]
66,"tf.Tensor([False  True], shape=(2,), dtype=bool)",[0. 1.]
67,"tf.Tensor([False  True], shape=(2,), dtype=bool)",[2.8383095e-16 1.0000000e+00]
68,"tf.Tensor([ True False], shape=(2,), dtype=bool)",[9.9998605e-01 1.3989268e-05]
69,"tf.Tensor([False  True], shape=(2,), dtype=bool)",[4.6379736e-25 1.0000000e+00]
70,"tf.Tensor([False  True], shape=(2,), dtype=bool)",[5.1272607e-29 1.0000000e+00]
71,"tf.Tensor([False  True], shape=(2,), dtype=bool)",[4.2104198e-20 1.0000000e+00]
72,"tf.Tensor([False  True], shape=(2,), dtype=bool)",[5.776122e-19 1.000000e+00]
73,"tf.Tensor([False  True], shape=(2,), dtype=bool)",[3.9061027e-17 1.0000000e+00]
74,"tf.Tensor([ True False], shape=(2,), dtype=bool)",[1.4498803e-26 1.0000000e+00]
75,"tf.Tensor([False  True], shape=(2,), dtype=bool)",[3.1750059e-34 1.0000000e+00]
76,"tf.Tensor([False  True], shape=(2,), dtype=bool)",[3.1000164e-10 1.0000000e+00]
77,"tf.Tensor([ True False], shape=(2,), dtype=bool)",[0.99687225 0.00312776]
78,"tf.Tensor([False  True], shape=(2,), dtype=bool)",[1.4999398e-32 1.0000000e+00]
79,"tf.Tensor([ True False], shape=(2,), dtype=bool)",[0.46362928 0.5363707 ]
80,"tf.Tensor([False  True], shape=(2,), dtype=bool)",[6.3957537e-12 1.0000000e+00]
81,"tf.Tensor([ True False], shape=(2,), dtype=bool)",[1.9779422e-05 9.9998021e-01]
82,"tf.Tensor([False  True], shape=(2,), dtype=bool)",[2.1685986e-17 1.0000000e+00]
83,"tf.Tensor([False  True], shape=(2,), dtype=bool)",[6.6310326e-25 1.0000000e+00]
84,"tf.Tensor([ True False], shape=(2,), dtype=bool)",[0.36306354 0.6369364 ]
85,"tf.Tensor([ True False], shape=(2,), dtype=bool)",[3.4077877e-14 1.0000000e+00]
86,"tf.Tensor([False  True], shape=(2,), dtype=bool)",[4.181625e-27 1.000000e+00]
87,"tf.Tensor([ True False], shape=(2,), dtype=bool)",[3.2123878e-16 1.0000000e+00]
88,"tf.Tensor([False  True], shape=(2,), dtype=bool)",[5.0011695e-24 1.0000000e+00]
89,"tf.Tensor([False  True], shape=(2,), dtype=bool)",[8.4918726e-17 1.0000000e+00]
90,"tf.Tensor([ True False], shape=(2,), dtype=bool)",[9.9987113e-01 1.2889130e-04]
91,"tf.Tensor([False  True], shape=(2,), dtype=bool)",[2.0128331e-22 1.0000000e+00]
92,"tf.Tensor([False  True], shape=(2,), dtype=bool)",[5.4168456e-16 1.0000000e+00]
93,"tf.Tensor([False  True], shape=(2,), dtype=bool)",[7.733069e-22 1.000000e+00]
94,"tf.Tensor([ True False], shape=(2,), dtype=bool)",[1.6798589e-10 1.0000000e+00]
95,"tf.Tensor([False  True], shape=(2,), dtype=bool)",[1.5160467e-17 1.0000000e+00]
96,"tf.Tensor([ True False], shape=(2,), dtype=bool)",[9.9969625e-01 3.0372589e-04]
97,"tf.Tensor([False  True], shape=(2,), dtype=bool)",[3.5016593e-26 1.0000000e+00]
98,"tf.Tensor([False  True], shape=(2,), dtype=bool)",[1.0510185e-21 1.0000000e+00]
99,"tf.Tensor([ True False], shape=(2,), dtype=bool)",[3.5740584e-13 1.0000000e+00]
100,"tf.Tensor([False  True], shape=(2,), dtype=bool)",[2.7402705e-30 1.0000000e+00]
101,"tf.Tensor([False  True], shape=(2,), dtype=bool)",[2.575029e-32 1.000000e+00]
102,"tf.Tensor([False  True], shape=(2,), dtype=bool)",[9.635673e-23 1.000000e+00]
103,"tf.Tensor([False  True], shape=(2,), dtype=bool)",[5.577684e-21 1.000000e+00]
104,"tf.Tensor([ True False], shape=(2,), dtype=bool)",[4.9800782e-08 1.0000000e+00]
105,"tf.Tensor([False  True], shape=(2,), dtype=bool)",[2.0745467e-25 1.0000000e+00]
106,"tf.Tensor([False  True], shape=(2,), dtype=bool)",[0. 1.]
107,"tf.Tensor([False  True], shape=(2,), dtype=bool)",[5.914093e-11 1.000000e+00]
108,"tf.Tensor([ True False], shape=(2,), dtype=bool)",[0.9988423  0.00115772]
109,"tf.Tensor([ True False], shape=(2,), dtype=bool)",[0.00591804 0.9940819 ]
110,"tf.Tensor([False  True], shape=(2,), dtype=bool)",[1.4813558e-26 1.0000000e+00]
111,"tf.Tensor([False  True], shape=(2,), dtype=bool)",[5.2437657e-22 1.0000000e+00]
112,"tf.Tensor([ True False], shape=(2,), dtype=bool)",[0.37559026 0.62440974]
113,"tf.Tensor([False  True], shape=(2,), dtype=bool)",[8.263451e-24 1.000000e+00]
114,"tf.Tensor([ True False], shape=(2,), dtype=bool)",[1.000000e+00 9.328438e-13]
115,"tf.Tensor([False  True], shape=(2,), dtype=bool)",[1.1113619e-24 1.0000000e+00]
116,"tf.Tensor([False  True], shape=(2,), dtype=bool)",[2.7174247e-20 1.0000000e+00]
117,"tf.Tensor([ True False], shape=(2,), dtype=bool)",[1.0757858e-04 9.9989235e-01]
118,"tf.Tensor([ True False], shape=(2,), dtype=bool)",[6.145220e-05 9.999385e-01]
119,"tf.Tensor([False  True], shape=(2,), dtype=bool)",[3.8165778e-25 1.0000000e+00]
120,"tf.Tensor([False  True], shape=(2,), dtype=bool)",[1.2847191e-18 1.0000000e+00]
121,"tf.Tensor([False  True], shape=(2,), dtype=bool)",[1.262094e-16 1.000000e+00]
122,"tf.Tensor([False  True], shape=(2,), dtype=bool)",[3.3178868e-25 1.0000000e+00]
123,"tf.Tensor([False  True], shape=(2,), dtype=bool)",[1.2031218e-18 1.0000000e+00]
124,"tf.Tensor([False  True], shape=(2,), dtype=bool)",[9.6634205e-32 1.0000000e+00]
125,"tf.Tensor([False  True], shape=(2,), dtype=bool)",[8.471508e-20 1.000000e+00]
126,"tf.Tensor([ True False], shape=(2,), dtype=bool)",[0.20390898 0.796091  ]
127,"tf.Tensor([False  True], shape=(2,), dtype=bool)",[1.7139284e-07 9.9999988e-01]
128,"tf.Tensor([ True False], shape=(2,), dtype=bool)",[4.600961e-13 1.000000e+00]
129,"tf.Tensor([False  True], shape=(2,), dtype=bool)",[5.215223e-28 1.000000e+00]
130,"tf.Tensor([ True False], shape=(2,), dtype=bool)",[1.000000e+00 8.404219e-09]
131,"tf.Tensor([ True False], shape=(2,), dtype=bool)",[3.4051208e-08 1.0000000e+00]
132,"tf.Tensor([ True False], shape=(2,), dtype=bool)",[3.729712e-09 1.000000e+00]
133,"tf.Tensor([False  True], shape=(2,), dtype=bool)",[7.9722633e-25 1.0000000e+00]
134,"tf.Tensor([False  True], shape=(2,), dtype=bool)",[7.6375136e-25 1.0000000e+00]
135,"tf.Tensor([ True False], shape=(2,), dtype=bool)",[1.7829249e-14 1.0000000e+00]
136,"tf.Tensor([False  True], shape=(2,), dtype=bool)",[8.773739e-25 1.000000e+00]
137,"tf.Tensor([False  True], shape=(2,), dtype=bool)",[4.1901743e-24 1.0000000e+00]
138,"tf.Tensor([False  True], shape=(2,), dtype=bool)",[1.2115473e-15 1.0000000e+00]
139,"tf.Tensor([False  True], shape=(2,), dtype=bool)",[3.000176e-15 1.000000e+00]
140,"tf.Tensor([ True False], shape=(2,), dtype=bool)",[1.0000000e+00 2.7314405e-08]
141,"tf.Tensor([False  True], shape=(2,), dtype=bool)",[6.669903e-16 1.000000e+00]
142,"tf.Tensor([ True False], shape=(2,), dtype=bool)",[0.97047836 0.02952163]
143,"tf.Tensor([ True False], shape=(2,), dtype=bool)",[1.9771853e-09 1.0000000e+00]
144,"tf.Tensor([False  True], shape=(2,), dtype=bool)",[4.2539155e-26 1.0000000e+00]
145,"tf.Tensor([False  True], shape=(2,), dtype=bool)",[1.954781e-27 1.000000e+00]
146,"tf.Tensor([ True False], shape=(2,), dtype=bool)",[1.37130916e-14 1.00000000e+00]
147,"tf.Tensor([False  True], shape=(2,), dtype=bool)",[1.0242134e-13 1.0000000e+00]
148,"tf.Tensor([False  True], shape=(2,), dtype=bool)",[7.238699e-17 1.000000e+00]
149,"tf.Tensor([ True False], shape=(2,), dtype=bool)",[0.8909379  0.10906215]
150,"tf.Tensor([ True False], shape=(2,), dtype=bool)",[1.0000000e+00 2.0918371e-19]
151,"tf.Tensor([False  True], shape=(2,), dtype=bool)",[1.2509301e-17 1.0000000e+00]
152,"tf.Tensor([False  True], shape=(2,), dtype=bool)",[2.043805e-30 1.000000e+00]
153,"tf.Tensor([False  True], shape=(2,), dtype=bool)",[7.105091e-15 1.000000e+00]
154,"tf.Tensor([False  True], shape=(2,), dtype=bool)",[3.9188416e-28 1.0000000e+00]
155,"tf.Tensor([False  True], shape=(2,), dtype=bool)",[1.8190728e-24 1.0000000e+00]
156,"tf.Tensor([False  True], shape=(2,), dtype=bool)",[1.4632284e-16 1.0000000e+00]
157,"tf.Tensor([False  True], shape=(2,), dtype=bool)",[3.2061597e-29 1.0000000e+00]
158,"tf.Tensor([ True False], shape=(2,), dtype=bool)",[9.9999988e-01 1.2195764e-07]
159,"tf.Tensor([ True False], shape=(2,), dtype=bool)",[9.9999988e-01 1.6505086e-07]
160,"tf.Tensor([False  True], shape=(2,), dtype=bool)",[0. 1.]
161,"tf.Tensor([ True False], shape=(2,), dtype=bool)",[0. 1.]
162,"tf.Tensor([False  True], shape=(2,), dtype=bool)",[1.5240752e-28 1.0000000e+00]
163,"tf.Tensor([ True False], shape=(2,), dtype=bool)",[2.5869688e-04 9.9974126e-01]
164,"tf.Tensor([False  True], shape=(2,), dtype=bool)",[7.7536376e-27 1.0000000e+00]
165,"tf.Tensor([False  True], shape=(2,), dtype=bool)",[4.063935e-25 1.000000e+00]
166,"tf.Tensor([False  True], shape=(2,), dtype=bool)",[2.832622e-22 1.000000e+00]
167,"tf.Tensor([False  True], shape=(2,), dtype=bool)",[5.262909e-35 1.000000e+00]
168,"tf.Tensor([ True False], shape=(2,), dtype=bool)",[0.9984464  0.00155365]
169,"tf.Tensor([ True False], shape=(2,), dtype=bool)",[1.0232418e-15 1.0000000e+00]
170,"tf.Tensor([ True False], shape=(2,), dtype=bool)",[2.2488889e-04 9.9977511e-01]
171,"tf.Tensor([ True False], shape=(2,), dtype=bool)",[2.626496e-11 1.000000e+00]
172,"tf.Tensor([False  True], shape=(2,), dtype=bool)",[1.7795025e-19 1.0000000e+00]
173,"tf.Tensor([ True False], shape=(2,), dtype=bool)",[5.2471694e-10 1.0000000e+00]
174,"tf.Tensor([ True False], shape=(2,), dtype=bool)",[2.1244805e-10 1.0000000e+00]
175,"tf.Tensor([False  True], shape=(2,), dtype=bool)",[2.8750211e-24 1.0000000e+00]
176,"tf.Tensor([False  True], shape=(2,), dtype=bool)",[0. 1.]
177,"tf.Tensor([ True False], shape=(2,), dtype=bool)",[9.9952066e-01 4.7934908e-04]
178,"tf.Tensor([False  True], shape=(2,), dtype=bool)",[1.2656314e-07 9.9999988e-01]
179,"tf.Tensor([False  True], shape=(2,), dtype=bool)",[0. 1.]
180,"tf.Tensor([False  True], shape=(2,), dtype=bool)",[0. 1.]
181,"tf.Tensor([False  True], shape=(2,), dtype=bool)",[6.3534246e-25 1.0000000e+00]
182,"tf.Tensor([ True False], shape=(2,), dtype=bool)",[9.9935049e-01 6.4946385e-04]
183,"tf.Tensor([ True False], shape=(2,), dtype=bool)",[1.0789167e-09 1.0000000e+00]
184,"tf.Tensor([False  True], shape=(2,), dtype=bool)",[1.2432471e-17 1.0000000e+00]
185,"tf.Tensor([False  True], shape=(2,), dtype=bool)",[2.9929469e-18 1.0000000e+00]
186,"tf.Tensor([ True False], shape=(2,), dtype=bool)",[8.9277943e-14 1.0000000e+00]
187,"tf.Tensor([ True False], shape=(2,), dtype=bool)",[1.4073028e-07 9.9999988e-01]
188,"tf.Tensor([ True False], shape=(2,), dtype=bool)",[1.0000000e+00 1.3629416e-10]
189,"tf.Tensor([False  True], shape=(2,), dtype=bool)",[0.00141273 0.99858725]
190,"tf.Tensor([False  True], shape=(2,), dtype=bool)",[4.1822096e-37 1.0000000e+00]
191,"tf.Tensor([False  True], shape=(2,), dtype=bool)",[2.894242e-26 1.000000e+00]
192,"tf.Tensor([ True False], shape=(2,), dtype=bool)",[5.0100675e-09 1.0000000e+00]
193,"tf.Tensor([ True False], shape=(2,), dtype=bool)",[7.5363873e-06 9.9999249e-01]
194,"tf.Tensor([False  True], shape=(2,), dtype=bool)",[1.01523374e-20 1.00000000e+00]
195,"tf.Tensor([False  True], shape=(2,), dtype=bool)",[1.3306627e-26 1.0000000e+00]
196,"tf.Tensor([False  True], shape=(2,), dtype=bool)",[1.1596427e-25 1.0000000e+00]
197,"tf.Tensor([False  True], shape=(2,), dtype=bool)",[0. 1.]
198,"tf.Tensor([False  True], shape=(2,), dtype=bool)",[1.854041e-06 9.999981e-01]
199,"tf.Tensor([ True False], shape=(2,), dtype=bool)",[0. 1.]
200,"tf.Tensor([False  True], shape=(2,), dtype=bool)",[3.7095366e-12 1.0000000e+00]
201,"tf.Tensor([False  True], shape=(2,), dtype=bool)",[2.5491784e-24 1.0000000e+00]
202,"tf.Tensor([ True False], shape=(2,), dtype=bool)",[1.0000000e+00 1.4535805e-10]
203,"tf.Tensor([ True False], shape=(2,), dtype=bool)",[1.0000000e+00 2.2179553e-10]
204,"tf.Tensor([False  True], shape=(2,), dtype=bool)",[4.700674e-24 1.000000e+00]
205,"tf.Tensor([False  True], shape=(2,), dtype=bool)",[4.300848e-31 1.000000e+00]
206,"tf.Tensor([False  True], shape=(2,), dtype=bool)",[8.6466844e-17 1.0000000e+00]
207,"tf.Tensor([ True False], shape=(2,), dtype=bool)",[9.9969983e-01 3.0017874e-04]
208,"tf.Tensor([False  True], shape=(2,), dtype=bool)",[2.083757e-23 1.000000e+00]
209,"tf.Tensor([False  True], shape=(2,), dtype=bool)",[1.2974464e-24 1.0000000e+00]
210,"tf.Tensor([ True False], shape=(2,), dtype=bool)",[1.3107525e-26 1.0000000e+00]
211,"tf.Tensor([False  True], shape=(2,), dtype=bool)",[1.7564181e-18 1.0000000e+00]
212,"tf.Tensor([False  True], shape=(2,), dtype=bool)",[1.9930653e-16 1.0000000e+00]
213,"tf.Tensor([False  True], shape=(2,), dtype=bool)",[1.4120268e-26 1.0000000e+00]
214,"tf.Tensor([ True False], shape=(2,), dtype=bool)",[0.9962878  0.00371217]
215,"tf.Tensor([ True False], shape=(2,), dtype=bool)",[1.0000000e+00 1.8337551e-10]
216,"tf.Tensor([False  True], shape=(2,), dtype=bool)",[1.6072374e-32 1.0000000e+00]
217,"tf.Tensor([ True False], shape=(2,), dtype=bool)",[1.0000000e+00 5.7000222e-09]
218,"tf.Tensor([False  True], shape=(2,), dtype=bool)",[4.4855978e-26 1.0000000e+00]
219,"tf.Tensor([False  True], shape=(2,), dtype=bool)",[6.5655843e-19 1.0000000e+00]
220,"tf.Tensor([False  True], shape=(2,), dtype=bool)",[0. 1.]
221,"tf.Tensor([False  True], shape=(2,), dtype=bool)",[1.1902651e-36 1.0000000e+00]
222,"tf.Tensor([False  True], shape=(2,), dtype=bool)",[4.1375725e-29 1.0000000e+00]
223,"tf.Tensor([False  True], shape=(2,), dtype=bool)",[6.6027534e-20 1.0000000e+00]
224,"tf.Tensor([False  True], shape=(2,), dtype=bool)",[5.6082365e-21 1.0000000e+00]
225,"tf.Tensor([False  True], shape=(2,), dtype=bool)",[4.228905e-17 1.000000e+00]
226,"tf.Tensor([False  True], shape=(2,), dtype=bool)",[9.981835e-28 1.000000e+00]
227,"tf.Tensor([False  True], shape=(2,), dtype=bool)",[3.7784374e-24 1.0000000e+00]
228,"tf.Tensor([False  True], shape=(2,), dtype=bool)",[1.8203373e-15 1.0000000e+00]
229,"tf.Tensor([False  True], shape=(2,), dtype=bool)",[1.1810981e-19 1.0000000e+00]
230,"tf.Tensor([ True False], shape=(2,), dtype=bool)",[0.4812239 0.5187761]
231,"tf.Tensor([False  True], shape=(2,), dtype=bool)",[1.1531786e-20 1.0000000e+00]
232,"tf.Tensor([ True False], shape=(2,), dtype=bool)",[9.999994e-01 6.262181e-07]
233,"tf.Tensor([ True False], shape=(2,), dtype=bool)",[9.9971348e-01 2.8647637e-04]
234,"tf.Tensor([False  True], shape=(2,), dtype=bool)",[1.3104421e-19 1.0000000e+00]
235,"tf.Tensor([False  True], shape=(2,), dtype=bool)",[2.0602376e-13 1.0000000e+00]
236,"tf.Tensor([False  True], shape=(2,), dtype=bool)",[1.5995113e-26 1.0000000e+00]
237,"tf.Tensor([False  True], shape=(2,), dtype=bool)",[2.5958634e-21 1.0000000e+00]
238,"tf.Tensor([ True False], shape=(2,), dtype=bool)",[3.571792e-15 1.000000e+00]
239,"tf.Tensor([False  True], shape=(2,), dtype=bool)",[2.7448984e-20 1.0000000e+00]
240,"tf.Tensor([False  True], shape=(2,), dtype=bool)",[4.846168e-18 1.000000e+00]
241,"tf.Tensor([False  True], shape=(2,), dtype=bool)",[1.7335875e-24 1.0000000e+00]
242,"tf.Tensor([False  True], shape=(2,), dtype=bool)",[4.031606e-23 1.000000e+00]
243,"tf.Tensor([False  True], shape=(2,), dtype=bool)",[3.2828254e-32 1.0000000e+00]
244,"tf.Tensor([ True False], shape=(2,), dtype=bool)",[3.1198251e-12 1.0000000e+00]
245,"tf.Tensor([ True False], shape=(2,), dtype=bool)",[4.6822124e-06 9.9999535e-01]
246,"tf.Tensor([ True False], shape=(2,), dtype=bool)",[0.68946415 0.3105359 ]
247,"tf.Tensor([False  True], shape=(2,), dtype=bool)",[2.663268e-21 1.000000e+00]
248,"tf.Tensor([False  True], shape=(2,), dtype=bool)",[0. 1.]
249,"tf.Tensor([False  True], shape=(2,), dtype=bool)",[1.0488932e-18 1.0000000e+00]
250,"tf.Tensor([False  True], shape=(2,), dtype=bool)",[3.093345e-08 1.000000e+00]
251,"tf.Tensor([ True False], shape=(2,), dtype=bool)",[0.00536592 0.99463415]
252,"tf.Tensor([ True False], shape=(2,), dtype=bool)",[1.7236708e-08 1.0000000e+00]
253,"tf.Tensor([False  True], shape=(2,), dtype=bool)",[6.382985e-26 1.000000e+00]
254,"tf.Tensor([ True False], shape=(2,), dtype=bool)",[3.3480415e-12 1.0000000e+00]
255,"tf.Tensor([False  True], shape=(2,), dtype=bool)",[1.3485957e-24 1.0000000e+00]
256,"tf.Tensor([ True False], shape=(2,), dtype=bool)",[2.5366782e-05 9.9997461e-01]
257,"tf.Tensor([False  True], shape=(2,), dtype=bool)",[2.7976997e-29 1.0000000e+00]
258,"tf.Tensor([False  True], shape=(2,), dtype=bool)",[4.099204e-31 1.000000e+00]
259,"tf.Tensor([False  True], shape=(2,), dtype=bool)",[3.870288e-22 1.000000e+00]
260,"tf.Tensor([False  True], shape=(2,), dtype=bool)",[4.8056725e-31 1.0000000e+00]
261,"tf.Tensor([False  True], shape=(2,), dtype=bool)",[5.256991e-12 1.000000e+00]
262,"tf.Tensor([False  True], shape=(2,), dtype=bool)",[3.0603387e-24 1.0000000e+00]
263,"tf.Tensor([False  True], shape=(2,), dtype=bool)",[6.8175382e-15 1.0000000e+00]
264,"tf.Tensor([False  True], shape=(2,), dtype=bool)",[3.0130407e-25 1.0000000e+00]
265,"tf.Tensor([ True False], shape=(2,), dtype=bool)",[2.9874635e-16 1.0000000e+00]
266,"tf.Tensor([False  True], shape=(2,), dtype=bool)",[0. 1.]
267,"tf.Tensor([ True False], shape=(2,), dtype=bool)",[4.742462e-23 1.000000e+00]
268,"tf.Tensor([False  True], shape=(2,), dtype=bool)",[4.0828004e-17 1.0000000e+00]
269,"tf.Tensor([False  True], shape=(2,), dtype=bool)",[8.2382424e-16 1.0000000e+00]
270,"tf.Tensor([ True False], shape=(2,), dtype=bool)",[2.798984e-12 1.000000e+00]
271,"tf.Tensor([False  True], shape=(2,), dtype=bool)",[1.921605e-21 1.000000e+00]
272,"tf.Tensor([ True False], shape=(2,), dtype=bool)",[3.6419584e-05 9.9996352e-01]
273,"tf.Tensor([False  True], shape=(2,), dtype=bool)",[1.9281697e-21 1.0000000e+00]
274,"tf.Tensor([ True False], shape=(2,), dtype=bool)",[3.004479e-04 9.996996e-01]
275,"tf.Tensor([False  True], shape=(2,), dtype=bool)",[1.9161609e-19 1.0000000e+00]
276,"tf.Tensor([ True False], shape=(2,), dtype=bool)",[2.0662055e-04 9.9979335e-01]
277,"tf.Tensor([ True False], shape=(2,), dtype=bool)",[0.98124045 0.01875952]
278,"tf.Tensor([False  True], shape=(2,), dtype=bool)",[1.2431865e-23 1.0000000e+00]
279,"tf.Tensor([False  True], shape=(2,), dtype=bool)",[0. 1.]
280,"tf.Tensor([False  True], shape=(2,), dtype=bool)",[5.9474558e-36 1.0000000e+00]
281,"tf.Tensor([False  True], shape=(2,), dtype=bool)",[1.0665218e-24 1.0000000e+00]
282,"tf.Tensor([False  True], shape=(2,), dtype=bool)",[4.24869e-20 1.00000e+00]
283,"tf.Tensor([ True False], shape=(2,), dtype=bool)",[2.9745106e-09 1.0000000e+00]
284,"tf.Tensor([ True False], shape=(2,), dtype=bool)",[6.8673503e-04 9.9931324e-01]
285,"tf.Tensor([ True False], shape=(2,), dtype=bool)",[0.03410016 0.9658998 ]
286,"tf.Tensor([ True False], shape=(2,), dtype=bool)",[9.999919e-01 8.119621e-06]
287,"tf.Tensor([False  True], shape=(2,), dtype=bool)",[2.3382115e-26 1.0000000e+00]
288,"tf.Tensor([ True False], shape=(2,), dtype=bool)",[0.87174016 0.12825982]
289,"tf.Tensor([ True False], shape=(2,), dtype=bool)",[9.9850667e-04 9.9900156e-01]
290,"tf.Tensor([False  True], shape=(2,), dtype=bool)",[3.1831281e-21 1.0000000e+00]
291,"tf.Tensor([False  True], shape=(2,), dtype=bool)",[6.991288e-21 1.000000e+00]
292,"tf.Tensor([False  True], shape=(2,), dtype=bool)",[3.7559835e-20 1.0000000e+00]
293,"tf.Tensor([False  True], shape=(2,), dtype=bool)",[1.3689123e-26 1.0000000e+00]
294,"tf.Tensor([False  True], shape=(2,), dtype=bool)",[6.834522e-13 1.000000e+00]
295,"tf.Tensor([ True False], shape=(2,), dtype=bool)",[0.9917229  0.00827706]
296,"tf.Tensor([False  True], shape=(2,), dtype=bool)",[1.5474329e-27 1.0000000e+00]
297,"tf.Tensor([ True False], shape=(2,), dtype=bool)",[0.959974   0.04002599]
298,"tf.Tensor([False  True], shape=(2,), dtype=bool)",[2.082626e-33 1.000000e+00]
299,"tf.Tensor([ True False], shape=(2,), dtype=bool)",[2.4502163e-04 9.9975497e-01]
300,"tf.Tensor([False  True], shape=(2,), dtype=bool)",[3.816629e-10 1.000000e+00]
301,"tf.Tensor([False  True], shape=(2,), dtype=bool)",[1.0306868e-27 1.0000000e+00]
302,"tf.Tensor([ True False], shape=(2,), dtype=bool)",[0.00187849 0.99812144]
303,"tf.Tensor([False  True], shape=(2,), dtype=bool)",[2.791419e-23 1.000000e+00]
304,"tf.Tensor([ True False], shape=(2,), dtype=bool)",[9.9998772e-01 1.2260887e-05]
305,"tf.Tensor([False  True], shape=(2,), dtype=bool)",[5.576329e-26 1.000000e+00]
306,"tf.Tensor([False  True], shape=(2,), dtype=bool)",[1.3957983e-28 1.0000000e+00]
307,"tf.Tensor([False  True], shape=(2,), dtype=bool)",[7.9484193e-19 1.0000000e+00]
308,"tf.Tensor([ True False], shape=(2,), dtype=bool)",[3.3638722e-04 9.9966359e-01]
309,"tf.Tensor([False  True], shape=(2,), dtype=bool)",[6.6127804e-29 1.0000000e+00]
310,"tf.Tensor([False  True], shape=(2,), dtype=bool)",[4.414127e-37 1.000000e+00]
311,"tf.Tensor([False  True], shape=(2,), dtype=bool)",[2.4076604e-28 1.0000000e+00]
312,"tf.Tensor([ True False], shape=(2,), dtype=bool)",[9.999398e-01 6.017513e-05]
313,"tf.Tensor([ True False], shape=(2,), dtype=bool)",[6.497414e-12 1.000000e+00]
314,"tf.Tensor([ True False], shape=(2,), dtype=bool)",[0.00271345 0.99728656]
315,"tf.Tensor([False  True], shape=(2,), dtype=bool)",[3.487108e-23 1.000000e+00]
316,"tf.Tensor([ True False], shape=(2,), dtype=bool)",[1.8482539e-06 9.9999809e-01]
317,"tf.Tensor([ True False], shape=(2,), dtype=bool)",[1.4932698e-12 1.0000000e+00]
318,"tf.Tensor([False  True], shape=(2,), dtype=bool)",[1.589756e-31 1.000000e+00]
319,"tf.Tensor([ True False], shape=(2,), dtype=bool)",[1.0000000e+00 3.5679236e-08]
320,"tf.Tensor([False  True], shape=(2,), dtype=bool)",[3.741784e-27 1.000000e+00]
321,"tf.Tensor([False  True], shape=(2,), dtype=bool)",[6.720732e-15 1.000000e+00]
322,"tf.Tensor([False  True], shape=(2,), dtype=bool)",[1.0988704e-25 1.0000000e+00]
323,"tf.Tensor([False  True], shape=(2,), dtype=bool)",[2.9912318e-20 1.0000000e+00]
324,"tf.Tensor([False  True], shape=(2,), dtype=bool)",[5.634264e-30 1.000000e+00]
325,"tf.Tensor([ True False], shape=(2,), dtype=bool)",[1.7121793e-12 1.0000000e+00]
326,"tf.Tensor([ True False], shape=(2,), dtype=bool)",[0.6626215 0.3373785]
327,"tf.Tensor([ True False], shape=(2,), dtype=bool)",[9.9999940e-01 5.7640915e-07]
328,"tf.Tensor([False  True], shape=(2,), dtype=bool)",[4.1487432e-23 1.0000000e+00]
329,"tf.Tensor([False  True], shape=(2,), dtype=bool)",[1.0760929e-24 1.0000000e+00]
330,"tf.Tensor([False  True], shape=(2,), dtype=bool)",[1.1325285e-26 1.0000000e+00]
331,"tf.Tensor([False  True], shape=(2,), dtype=bool)",[3.9501524e-27 1.0000000e+00]
332,"tf.Tensor([False  True], shape=(2,), dtype=bool)",[3.869075e-12 1.000000e+00]
333,"tf.Tensor([ True False], shape=(2,), dtype=bool)",[6.8620348e-06 9.9999309e-01]
334,"tf.Tensor([False  True], shape=(2,), dtype=bool)",[1.2509301e-17 1.0000000e+00]
335,"tf.Tensor([False  True], shape=(2,), dtype=bool)",[4.3464704e-15 1.0000000e+00]
336,"tf.Tensor([False  True], shape=(2,), dtype=bool)",[1.0882075e-26 1.0000000e+00]
337,"tf.Tensor([ True False], shape=(2,), dtype=bool)",[0.00190166 0.9980983 ]
338,"tf.Tensor([ True False], shape=(2,), dtype=bool)",[0.94140095 0.05859911]
339,"tf.Tensor([False  True], shape=(2,), dtype=bool)",[5.1923496e-30 1.0000000e+00]
340,"tf.Tensor([ True False], shape=(2,), dtype=bool)",[2.5094824e-11 1.0000000e+00]
341,"tf.Tensor([False  True], shape=(2,), dtype=bool)",[3.323606e-14 1.000000e+00]
342,"tf.Tensor([ True False], shape=(2,), dtype=bool)",[5.440702e-16 1.000000e+00]
343,"tf.Tensor([False  True], shape=(2,), dtype=bool)",[1.4364361e-27 1.0000000e+00]
344,"tf.Tensor([False  True], shape=(2,), dtype=bool)",[9.6311375e-26 1.0000000e+00]
345,"tf.Tensor([False  True], shape=(2,), dtype=bool)",[1.3160978e-27 1.0000000e+00]
346,"tf.Tensor([ True False], shape=(2,), dtype=bool)",[4.015957e-08 1.000000e+00]
347,"tf.Tensor([False  True], shape=(2,), dtype=bool)",[2.7510041e-24 1.0000000e+00]
348,"tf.Tensor([False  True], shape=(2,), dtype=bool)",[3.0189322e-13 1.0000000e+00]
349,"tf.Tensor([False  True], shape=(2,), dtype=bool)",[5.580848e-16 1.000000e+00]
350,"tf.Tensor([ True False], shape=(2,), dtype=bool)",[9.9999905e-01 1.0067209e-06]
351,"tf.Tensor([False  True], shape=(2,), dtype=bool)",[3.089375e-28 1.000000e+00]
352,"tf.Tensor([False  True], shape=(2,), dtype=bool)",[2.2584748e-11 1.0000000e+00]
353,"tf.Tensor([False  True], shape=(2,), dtype=bool)",[1.2388477e-19 1.0000000e+00]
354,"tf.Tensor([False  True], shape=(2,), dtype=bool)",[1.3471848e-27 1.0000000e+00]
355,"tf.Tensor([False  True], shape=(2,), dtype=bool)",[1.1636629e-16 1.0000000e+00]
356,"tf.Tensor([False  True], shape=(2,), dtype=bool)",[1.3050036e-28 1.0000000e+00]
357,"tf.Tensor([False  True], shape=(2,), dtype=bool)",[1.9937981e-21 1.0000000e+00]
358,"tf.Tensor([False  True], shape=(2,), dtype=bool)",[8.787319e-22 1.000000e+00]
359,"tf.Tensor([ True False], shape=(2,), dtype=bool)",[2.1311351e-07 9.9999976e-01]
360,"tf.Tensor([False  True], shape=(2,), dtype=bool)",[3.39769e-21 1.00000e+00]
361,"tf.Tensor([ True False], shape=(2,), dtype=bool)",[4.8084316e-20 1.0000000e+00]
362,"tf.Tensor([False  True], shape=(2,), dtype=bool)",[2.6730894e-14 1.0000000e+00]
363,"tf.Tensor([ True False], shape=(2,), dtype=bool)",[2.734284e-05 9.999727e-01]
364,"tf.Tensor([ True False], shape=(2,), dtype=bool)",[5.1876854e-12 1.0000000e+00]
365,"tf.Tensor([False  True], shape=(2,), dtype=bool)",[1.3942871e-28 1.0000000e+00]
366,"tf.Tensor([False  True], shape=(2,), dtype=bool)",[3.9650015e-15 1.0000000e+00]
367,"tf.Tensor([False  True], shape=(2,), dtype=bool)",[1.4509009e-30 1.0000000e+00]
368,"tf.Tensor([ True False], shape=(2,), dtype=bool)",[0.4038052  0.59619486]
369,"tf.Tensor([False  True], shape=(2,), dtype=bool)",[1.7611138e-19 1.0000000e+00]
370,"tf.Tensor([False  True], shape=(2,), dtype=bool)",[2.4600115e-29 1.0000000e+00]
371,"tf.Tensor([False  True], shape=(2,), dtype=bool)",[4.2157832e-22 1.0000000e+00]
372,"tf.Tensor([False  True], shape=(2,), dtype=bool)",[4.1832714e-33 1.0000000e+00]
373,"tf.Tensor([ True False], shape=(2,), dtype=bool)",[0.7621128  0.23788723]
374,"tf.Tensor([ True False], shape=(2,), dtype=bool)",[1.1408985e-09 1.0000000e+00]
375,"tf.Tensor([False  True], shape=(2,), dtype=bool)",[1.0876506e-20 1.0000000e+00]
376,"tf.Tensor([ True False], shape=(2,), dtype=bool)",[2.3199481e-08 1.0000000e+00]
377,"tf.Tensor([False  True], shape=(2,), dtype=bool)",[5.683077e-20 1.000000e+00]
378,"tf.Tensor([False  True], shape=(2,), dtype=bool)",[4.7228365e-16 1.0000000e+00]
379,"tf.Tensor([False  True], shape=(2,), dtype=bool)",[1.3234391e-18 1.0000000e+00]
380,"tf.Tensor([ True False], shape=(2,), dtype=bool)",[0.00786844 0.99213153]
381,"tf.Tensor([ True False], shape=(2,), dtype=bool)",[9.9994469e-01 5.5296696e-05]
382,"tf.Tensor([False  True], shape=(2,), dtype=bool)",[7.698726e-09 1.000000e+00]
383,"tf.Tensor([ True False], shape=(2,), dtype=bool)",[6.4116507e-10 1.0000000e+00]
384,"tf.Tensor([ True False], shape=(2,), dtype=bool)",[0.9987337  0.00126636]
385,"tf.Tensor([False  True], shape=(2,), dtype=bool)",[1.0120667e-28 1.0000000e+00]
386,"tf.Tensor([ True False], shape=(2,), dtype=bool)",[9.9999976e-01 2.5158849e-07]
387,"tf.Tensor([False  True], shape=(2,), dtype=bool)",[3.291659e-21 1.000000e+00]
388,"tf.Tensor([False  True], shape=(2,), dtype=bool)",[3.0061766e-09 1.0000000e+00]
389,"tf.Tensor([False  True], shape=(2,), dtype=bool)",[1.8789601e-22 1.0000000e+00]
390,"tf.Tensor([ True False], shape=(2,), dtype=bool)",[9.999995e-01 4.830394e-07]
391,"tf.Tensor([False  True], shape=(2,), dtype=bool)",[6.5183683e-34 1.0000000e+00]
392,"tf.Tensor([False  True], shape=(2,), dtype=bool)",[2.573696e-15 1.000000e+00]
393,"tf.Tensor([False  True], shape=(2,), dtype=bool)",[1.9076176e-22 1.0000000e+00]
394,"tf.Tensor([ True False], shape=(2,), dtype=bool)",[9.9999738e-01 2.6369921e-06]
395,"tf.Tensor([ True False], shape=(2,), dtype=bool)",[1.0000000e+00 2.3344328e-11]
396,"tf.Tensor([False  True], shape=(2,), dtype=bool)",[0. 1.]
397,"tf.Tensor([ True False], shape=(2,), dtype=bool)",[1.536976e-04 9.998462e-01]
398,"tf.Tensor([False  True], shape=(2,), dtype=bool)",[5.2987707e-26 1.0000000e+00]
399,"tf.Tensor([ True False], shape=(2,), dtype=bool)",[0.76846695 0.23153313]
400,"tf.Tensor([ True False], shape=(2,), dtype=bool)",[3.637921e-15 1.000000e+00]
401,"tf.Tensor([ True False], shape=(2,), dtype=bool)",[9.9999988e-01 1.3123109e-07]
402,"tf.Tensor([ True False], shape=(2,), dtype=bool)",[4.5499368e-05 9.9995446e-01]
403,"tf.Tensor([ True False], shape=(2,), dtype=bool)",[3.889177e-20 1.000000e+00]
404,"tf.Tensor([False  True], shape=(2,), dtype=bool)",[6.8426275e-23 1.0000000e+00]
405,"tf.Tensor([False  True], shape=(2,), dtype=bool)",[1.5380057e-34 1.0000000e+00]
406,"tf.Tensor([False  True], shape=(2,), dtype=bool)",[1.2569258e-21 1.0000000e+00]
407,"tf.Tensor([ True False], shape=(2,), dtype=bool)",[4.6950017e-09 1.0000000e+00]
408,"tf.Tensor([False  True], shape=(2,), dtype=bool)",[2.400507e-28 1.000000e+00]
409,"tf.Tensor([False  True], shape=(2,), dtype=bool)",[7.2363286e-31 1.0000000e+00]
410,"tf.Tensor([False  True], shape=(2,), dtype=bool)",[2.7268495e-23 1.0000000e+00]
411,"tf.Tensor([False  True], shape=(2,), dtype=bool)",[1.7376836e-19 1.0000000e+00]
412,"tf.Tensor([False  True], shape=(2,), dtype=bool)",[1.8046325e-11 1.0000000e+00]
413,"tf.Tensor([ True False], shape=(2,), dtype=bool)",[2.0997493e-06 9.9999785e-01]
414,"tf.Tensor([False  True], shape=(2,), dtype=bool)",[3.4039704e-20 1.0000000e+00]
415,"tf.Tensor([False  True], shape=(2,), dtype=bool)",[9.8452540e-07 9.9999905e-01]
416,"tf.Tensor([False  True], shape=(2,), dtype=bool)",[9.138224e-17 1.000000e+00]
417,"tf.Tensor([ True False], shape=(2,), dtype=bool)",[1.3689857e-18 1.0000000e+00]
418,"tf.Tensor([False  True], shape=(2,), dtype=bool)",[1.2863462e-27 1.0000000e+00]
419,"tf.Tensor([False  True], shape=(2,), dtype=bool)",[1.1887998e-28 1.0000000e+00]
420,"tf.Tensor([False  True], shape=(2,), dtype=bool)",[1.9031742e-17 1.0000000e+00]
421,"tf.Tensor([ True False], shape=(2,), dtype=bool)",[1.0988908e-07 9.9999988e-01]
422,"tf.Tensor([False  True], shape=(2,), dtype=bool)",[2.7802426e-28 1.0000000e+00]
423,"tf.Tensor([False  True], shape=(2,), dtype=bool)",[8.588977e-20 1.000000e+00]
424,"tf.Tensor([ True False], shape=(2,), dtype=bool)",[5.732781e-22 1.000000e+00]
425,"tf.Tensor([ True False], shape=(2,), dtype=bool)",[0.03046366 0.96953636]
426,"tf.Tensor([False  True], shape=(2,), dtype=bool)",[9.511663e-28 1.000000e+00]
427,"tf.Tensor([False  True], shape=(2,), dtype=bool)",[1.1160385e-18 1.0000000e+00]
428,"tf.Tensor([ True False], shape=(2,), dtype=bool)",[1.2944464e-08 1.0000000e+00]
429,"tf.Tensor([ True False], shape=(2,), dtype=bool)",[1.000000e+00 9.849525e-13]
430,"tf.Tensor([False  True], shape=(2,), dtype=bool)",[3.577745e-26 1.000000e+00]
431,"tf.Tensor([False  True], shape=(2,), dtype=bool)",[4.0888952e-24 1.0000000e+00]
432,"tf.Tensor([False  True], shape=(2,), dtype=bool)",[0. 1.]
433,"tf.Tensor([False  True], shape=(2,), dtype=bool)",[7.592484e-26 1.000000e+00]
434,"tf.Tensor([ True False], shape=(2,), dtype=bool)",[7.3220084e-19 1.0000000e+00]
435,"tf.Tensor([ True False], shape=(2,), dtype=bool)",[6.52095e-13 1.00000e+00]
436,"tf.Tensor([ True False], shape=(2,), dtype=bool)",[9.9999917e-01 8.8422217e-07]
437,"tf.Tensor([ True False], shape=(2,), dtype=bool)",[3.1908185e-04 9.9968088e-01]
438,"tf.Tensor([False  True], shape=(2,), dtype=bool)",[2.2290601e-27 1.0000000e+00]
439,"tf.Tensor([ True False], shape=(2,), dtype=bool)",[0.00167231 0.9983277 ]
440,"tf.Tensor([False  True], shape=(2,), dtype=bool)",[2.2892226e-31 1.0000000e+00]
441,"tf.Tensor([ True False], shape=(2,), dtype=bool)",[2.1999288e-06 9.9999785e-01]
442,"tf.Tensor([ True False], shape=(2,), dtype=bool)",[1.5056271e-09 1.0000000e+00]
443,"tf.Tensor([False  True], shape=(2,), dtype=bool)",[3.6566185e-16 1.0000000e+00]
444,"tf.Tensor([False  True], shape=(2,), dtype=bool)",[0. 1.]
445,"tf.Tensor([False  True], shape=(2,), dtype=bool)",[3.561228e-26 1.000000e+00]
446,"tf.Tensor([ True False], shape=(2,), dtype=bool)",[9.9998724e-01 1.2804985e-05]
447,"tf.Tensor([False  True], shape=(2,), dtype=bool)",[4.40262e-24 1.00000e+00]
448,"tf.Tensor([False  True], shape=(2,), dtype=bool)",[1.614672e-26 1.000000e+00]
449,"tf.Tensor([ True False], shape=(2,), dtype=bool)",[1.000000e+00 6.200339e-15]
450,"tf.Tensor([ True False], shape=(2,), dtype=bool)",[9.9999726e-01 2.7643528e-06]
451,"tf.Tensor([False  True], shape=(2,), dtype=bool)",[1.7638246e-25 1.0000000e+00]
452,"tf.Tensor([False  True], shape=(2,), dtype=bool)",[1.631332e-19 1.000000e+00]
453,"tf.Tensor([False  True], shape=(2,), dtype=bool)",[4.9441135e-23 1.0000000e+00]
454,"tf.Tensor([ True False], shape=(2,), dtype=bool)",[9.9986386e-01 1.3612432e-04]
455,"tf.Tensor([False  True], shape=(2,), dtype=bool)",[2.271445e-21 1.000000e+00]
456,"tf.Tensor([False  True], shape=(2,), dtype=bool)",[4.5804273e-17 1.0000000e+00]
457,"tf.Tensor([False  True], shape=(2,), dtype=bool)",[2.2681912e-27 1.0000000e+00]
458,"tf.Tensor([False  True], shape=(2,), dtype=bool)",[1.3166689e-14 1.0000000e+00]
459,"tf.Tensor([False  True], shape=(2,), dtype=bool)",[4.205065e-17 1.000000e+00]
460,"tf.Tensor([ True False], shape=(2,), dtype=bool)",[9.9946648e-01 5.3358404e-04]
461,"tf.Tensor([False  True], shape=(2,), dtype=bool)",[6.6661387e-16 1.0000000e+00]
462,"tf.Tensor([False  True], shape=(2,), dtype=bool)",[5.5537363e-28 1.0000000e+00]
463,"tf.Tensor([False  True], shape=(2,), dtype=bool)",[6.664476e-19 1.000000e+00]
464,"tf.Tensor([False  True], shape=(2,), dtype=bool)",[3.6786767e-19 1.0000000e+00]
465,"tf.Tensor([False  True], shape=(2,), dtype=bool)",[5.4991675e-24 1.0000000e+00]
466,"tf.Tensor([False  True], shape=(2,), dtype=bool)",[6.9510543e-28 1.0000000e+00]
467,"tf.Tensor([False  True], shape=(2,), dtype=bool)",[0. 1.]
468,"tf.Tensor([False  True], shape=(2,), dtype=bool)",[2.3124264e-14 1.0000000e+00]
469,"tf.Tensor([ True False], shape=(2,), dtype=bool)",[1.0000000e+00 5.6431273e-11]
470,"tf.Tensor([False  True], shape=(2,), dtype=bool)",[2.483016e-29 1.000000e+00]
471,"tf.Tensor([False  True], shape=(2,), dtype=bool)",[4.491874e-22 1.000000e+00]
472,"tf.Tensor([ True False], shape=(2,), dtype=bool)",[0.00890574 0.9910943 ]
473,"tf.Tensor([False  True], shape=(2,), dtype=bool)",[1.6154297e-26 1.0000000e+00]
474,"tf.Tensor([False  True], shape=(2,), dtype=bool)",[0.00174549 0.9982545 ]
475,"tf.Tensor([False  True], shape=(2,), dtype=bool)",[5.228206e-22 1.000000e+00]
476,"tf.Tensor([ True False], shape=(2,), dtype=bool)",[5.2125095e-16 1.0000000e+00]
477,"tf.Tensor([ True False], shape=(2,), dtype=bool)",[0.00726023 0.99273974]
478,"tf.Tensor([ True False], shape=(2,), dtype=bool)",[1.0000000e+00 3.9584602e-10]
479,"tf.Tensor([ True False], shape=(2,), dtype=bool)",[6.025759e-11 1.000000e+00]
480,"tf.Tensor([ True False], shape=(2,), dtype=bool)",[1.0000000e+00 1.4788736e-12]
481,"tf.Tensor([ True False], shape=(2,), dtype=bool)",[5.685462e-09 1.000000e+00]
482,"tf.Tensor([False  True], shape=(2,), dtype=bool)",[2.7286337e-27 1.0000000e+00]
483,"tf.Tensor([ True False], shape=(2,), dtype=bool)",[7.764259e-28 1.000000e+00]
484,"tf.Tensor([False  True], shape=(2,), dtype=bool)",[4.19105e-18 1.00000e+00]
485,"tf.Tensor([ True False], shape=(2,), dtype=bool)",[2.3686162e-06 9.9999762e-01]
486,"tf.Tensor([False  True], shape=(2,), dtype=bool)",[5.5297535e-09 1.0000000e+00]
487,"tf.Tensor([False  True], shape=(2,), dtype=bool)",[4.455515e-26 1.000000e+00]
488,"tf.Tensor([False  True], shape=(2,), dtype=bool)",[6.4582816e-24 1.0000000e+00]
489,"tf.Tensor([False  True], shape=(2,), dtype=bool)",[6.6005076e-14 1.0000000e+00]
490,"tf.Tensor([False  True], shape=(2,), dtype=bool)",[0. 1.]
491,"tf.Tensor([ True False], shape=(2,), dtype=bool)",[0.320274   0.67972606]
492,"tf.Tensor([ True False], shape=(2,), dtype=bool)",[2.4973719e-12 1.0000000e+00]
493,"tf.Tensor([False  True], shape=(2,), dtype=bool)",[9.346688e-25 1.000000e+00]
494,"tf.Tensor([False  True], shape=(2,), dtype=bool)",[0. 1.]
495,"tf.Tensor([ True False], shape=(2,), dtype=bool)",[1.2599577e-13 1.0000000e+00]
496,"tf.Tensor([ True False], shape=(2,), dtype=bool)",[1.0894349e-07 9.9999988e-01]
497,"tf.Tensor([False  True], shape=(2,), dtype=bool)",[9.0584675e-17 1.0000000e+00]
498,"tf.Tensor([False  True], shape=(2,), dtype=bool)",[1.9733443e-22 1.0000000e+00]
499,"tf.Tensor([False  True], shape=(2,), dtype=bool)",[3.0657418e-21 1.0000000e+00]
500,"tf.Tensor([False  True], shape=(2,), dtype=bool)",[5.263141e-16 1.000000e+00]
501,"tf.Tensor([ True False], shape=(2,), dtype=bool)",[0.9956215  0.00437855]
502,"tf.Tensor([False  True], shape=(2,), dtype=bool)",[4.0092977e-12 1.0000000e+00]
503,"tf.Tensor([ True False], shape=(2,), dtype=bool)",[0.00760381 0.9923962 ]
504,"tf.Tensor([ True False], shape=(2,), dtype=bool)",[3.8551608e-08 1.0000000e+00]
505,"tf.Tensor([False  True], shape=(2,), dtype=bool)",[1.4151594e-34 1.0000000e+00]
506,"tf.Tensor([False  True], shape=(2,), dtype=bool)",[1.7622446e-32 1.0000000e+00]
507,"tf.Tensor([ True False], shape=(2,), dtype=bool)",[1.112911e-08 1.000000e+00]
508,"tf.Tensor([False  True], shape=(2,), dtype=bool)",[9.326815e-25 1.000000e+00]
509,"tf.Tensor([False  True], shape=(2,), dtype=bool)",[7.691952e-11 1.000000e+00]
510,"tf.Tensor([False  True], shape=(2,), dtype=bool)",[3.027831e-20 1.000000e+00]
511,"tf.Tensor([ True False], shape=(2,), dtype=bool)",[1.000000e+00 6.107129e-13]
512,"tf.Tensor([False  True], shape=(2,), dtype=bool)",[2.432698e-28 1.000000e+00]
513,"tf.Tensor([ True False], shape=(2,), dtype=bool)",[3.8066983e-06 9.9999619e-01]
514,"tf.Tensor([False  True], shape=(2,), dtype=bool)",[0. 1.]
515,"tf.Tensor([ True False], shape=(2,), dtype=bool)",[0.00258403 0.9974159 ]
516,"tf.Tensor([False  True], shape=(2,), dtype=bool)",[1.3089699e-24 1.0000000e+00]
517,"tf.Tensor([ True False], shape=(2,), dtype=bool)",[0.00263523 0.9973648 ]
518,"tf.Tensor([False  True], shape=(2,), dtype=bool)",[1.5832814e-22 1.0000000e+00]
519,"tf.Tensor([ True False], shape=(2,), dtype=bool)",[2.3879631e-05 9.9997616e-01]
520,"tf.Tensor([False  True], shape=(2,), dtype=bool)",[4.1375725e-29 1.0000000e+00]
521,"tf.Tensor([ True False], shape=(2,), dtype=bool)",[0.09754261 0.90245736]
522,"tf.Tensor([False  True], shape=(2,), dtype=bool)",[6.426649e-10 1.000000e+00]
523,"tf.Tensor([False  True], shape=(2,), dtype=bool)",[5.7252295e-26 1.0000000e+00]
524,"tf.Tensor([False  True], shape=(2,), dtype=bool)",[8.669482e-15 1.000000e+00]
525,"tf.Tensor([False  True], shape=(2,), dtype=bool)",[2.7900988e-23 1.0000000e+00]
526,"tf.Tensor([False  True], shape=(2,), dtype=bool)",[7.9210185e-21 1.0000000e+00]
527,"tf.Tensor([False  True], shape=(2,), dtype=bool)",[4.200176e-24 1.000000e+00]
528,"tf.Tensor([ True False], shape=(2,), dtype=bool)",[0.21922183 0.78077817]
529,"tf.Tensor([False  True], shape=(2,), dtype=bool)",[0. 1.]
530,"tf.Tensor([ True False], shape=(2,), dtype=bool)",[9.9998200e-01 1.7966959e-05]
531,"tf.Tensor([False  True], shape=(2,), dtype=bool)",[0. 1.]
532,"tf.Tensor([ True False], shape=(2,), dtype=bool)",[1.8677542e-07 9.9999976e-01]
533,"tf.Tensor([ True False], shape=(2,), dtype=bool)",[9.9909997e-01 9.0010138e-04]
534,"tf.Tensor([ True False], shape=(2,), dtype=bool)",[9.9999964e-01 3.4001343e-07]
535,"tf.Tensor([ True False], shape=(2,), dtype=bool)",[9.999999e-01 6.122446e-08]
536,"tf.Tensor([False  True], shape=(2,), dtype=bool)",[3.465903e-30 1.000000e+00]
537,"tf.Tensor([False  True], shape=(2,), dtype=bool)",[3.7739114e-33 1.0000000e+00]
538,"tf.Tensor([False  True], shape=(2,), dtype=bool)",[8.126238e-27 1.000000e+00]
539,"tf.Tensor([False  True], shape=(2,), dtype=bool)",[1.1736327e-05 9.9998832e-01]
540,"tf.Tensor([ True False], shape=(2,), dtype=bool)",[0.07239646 0.92760354]
541,"tf.Tensor([False  True], shape=(2,), dtype=bool)",[2.2785805e-12 1.0000000e+00]
542,"tf.Tensor([False  True], shape=(2,), dtype=bool)",[1.6098301e-28 1.0000000e+00]
543,"tf.Tensor([ True False], shape=(2,), dtype=bool)",[1.000000e+00 4.199523e-11]
544,"tf.Tensor([ True False], shape=(2,), dtype=bool)",[3.1907074e-10 1.0000000e+00]
545,"tf.Tensor([False  True], shape=(2,), dtype=bool)",[2.6837018e-24 1.0000000e+00]
546,"tf.Tensor([False  True], shape=(2,), dtype=bool)",[8.134199e-37 1.000000e+00]
547,"tf.Tensor([ True False], shape=(2,), dtype=bool)",[0.99684525 0.00315477]
548,"tf.Tensor([False  True], shape=(2,), dtype=bool)",[4.5475305e-36 1.0000000e+00]
549,"tf.Tensor([ True False], shape=(2,), dtype=bool)",[0.9901854  0.00981461]
550,"tf.Tensor([ True False], shape=(2,), dtype=bool)",[0. 1.]
551,"tf.Tensor([False  True], shape=(2,), dtype=bool)",[1.8022503e-28 1.0000000e+00]
552,"tf.Tensor([ True False], shape=(2,), dtype=bool)",[2.1121455e-10 1.0000000e+00]
553,"tf.Tensor([False  True], shape=(2,), dtype=bool)",[3.3627218e-20 1.0000000e+00]
554,"tf.Tensor([False  True], shape=(2,), dtype=bool)",[1.9339576e-12 1.0000000e+00]
555,"tf.Tensor([ True False], shape=(2,), dtype=bool)",[0.01804961 0.9819504 ]
556,"tf.Tensor([False  True], shape=(2,), dtype=bool)",[2.357838e-17 1.000000e+00]
557,"tf.Tensor([False  True], shape=(2,), dtype=bool)",[4.816933e-12 1.000000e+00]
558,"tf.Tensor([ True False], shape=(2,), dtype=bool)",[9.9999881e-01 1.2156694e-06]
559,"tf.Tensor([False  True], shape=(2,), dtype=bool)",[0. 1.]
560,"tf.Tensor([False  True], shape=(2,), dtype=bool)",[1.5537787e-21 1.0000000e+00]
561,"tf.Tensor([False  True], shape=(2,), dtype=bool)",[2.0575226e-18 1.0000000e+00]
562,"tf.Tensor([False  True], shape=(2,), dtype=bool)",[1.2084683e-23 1.0000000e+00]
563,"tf.Tensor([False  True], shape=(2,), dtype=bool)",[1.257636e-28 1.000000e+00]
564,"tf.Tensor([ True False], shape=(2,), dtype=bool)",[2.0972585e-07 9.9999976e-01]
565,"tf.Tensor([False  True], shape=(2,), dtype=bool)",[0. 1.]
566,"tf.Tensor([False  True], shape=(2,), dtype=bool)",[5.5195476e-26 1.0000000e+00]
567,"tf.Tensor([ True False], shape=(2,), dtype=bool)",[1.8677542e-07 9.9999976e-01]
568,"tf.Tensor([False  True], shape=(2,), dtype=bool)",[5.8872362e-27 1.0000000e+00]
569,"tf.Tensor([False  True], shape=(2,), dtype=bool)",[9.788152e-17 1.000000e+00]
570,"tf.Tensor([False  True], shape=(2,), dtype=bool)",[2.0514796e-26 1.0000000e+00]
571,"tf.Tensor([False  True], shape=(2,), dtype=bool)",[7.464123e-32 1.000000e+00]
572,"tf.Tensor([False  True], shape=(2,), dtype=bool)",[2.9519242e-25 1.0000000e+00]
573,"tf.Tensor([ True False], shape=(2,), dtype=bool)",[1.5605162e-08 1.0000000e+00]
574,"tf.Tensor([False  True], shape=(2,), dtype=bool)",[5.2659547e-15 1.0000000e+00]
575,"tf.Tensor([ True False], shape=(2,), dtype=bool)",[1.5961643e-08 1.0000000e+00]
576,"tf.Tensor([False  True], shape=(2,), dtype=bool)",[1.7705103e-08 1.0000000e+00]
577,"tf.Tensor([False  True], shape=(2,), dtype=bool)",[1.0200697e-22 1.0000000e+00]
578,"tf.Tensor([False  True], shape=(2,), dtype=bool)",[7.0644885e-25 1.0000000e+00]
579,"tf.Tensor([False  True], shape=(2,), dtype=bool)",[0. 1.]
580,"tf.Tensor([False  True], shape=(2,), dtype=bool)",[3.9145448e-10 1.0000000e+00]
581,"tf.Tensor([False  True], shape=(2,), dtype=bool)",[9.0144984e-36 1.0000000e+00]
582,"tf.Tensor([False  True], shape=(2,), dtype=bool)",[3.321648e-25 1.000000e+00]
583,"tf.Tensor([False  True], shape=(2,), dtype=bool)",[3.5406573e-23 1.0000000e+00]
584,"tf.Tensor([ True False], shape=(2,), dtype=bool)",[1.2080959e-14 1.0000000e+00]
585,"tf.Tensor([False  True], shape=(2,), dtype=bool)",[4.032384e-26 1.000000e+00]
586,"tf.Tensor([ True False], shape=(2,), dtype=bool)",[0.34180456 0.6581955 ]
587,"tf.Tensor([False  True], shape=(2,), dtype=bool)",[3.546193e-19 1.000000e+00]
588,"tf.Tensor([ True False], shape=(2,), dtype=bool)",[3.3638722e-04 9.9966359e-01]
589,"tf.Tensor([False  True], shape=(2,), dtype=bool)",[3.9367847e-09 1.0000000e+00]
590,"tf.Tensor([ True False], shape=(2,), dtype=bool)",[1.987142e-18 1.000000e+00]
591,"tf.Tensor([False  True], shape=(2,), dtype=bool)",[1.498621e-29 1.000000e+00]
592,"tf.Tensor([False  True], shape=(2,), dtype=bool)",[1.6192405e-21 1.0000000e+00]
593,"tf.Tensor([False  True], shape=(2,), dtype=bool)",[1.3331696e-23 1.0000000e+00]
594,"tf.Tensor([ True False], shape=(2,), dtype=bool)",[9.996743e-01 3.256453e-04]
595,"tf.Tensor([ True False], shape=(2,), dtype=bool)",[9.9999368e-01 6.2663544e-06]
596,"tf.Tensor([ True False], shape=(2,), dtype=bool)",[0.01522041 0.98477966]
597,"tf.Tensor([ True False], shape=(2,), dtype=bool)",[2.472053e-10 1.000000e+00]
598,"tf.Tensor([False  True], shape=(2,), dtype=bool)",[0. 1.]
599,"tf.Tensor([False  True], shape=(2,), dtype=bool)",[1.5181696e-26 1.0000000e+00]
600,"tf.Tensor([False  True], shape=(2,), dtype=bool)",[5.0552493e-28 1.0000000e+00]
601,"tf.Tensor([False  True], shape=(2,), dtype=bool)",[8.708533e-29 1.000000e+00]
602,"tf.Tensor([False  True], shape=(2,), dtype=bool)",[0. 1.]
603,"tf.Tensor([False  True], shape=(2,), dtype=bool)",[7.985539e-31 1.000000e+00]
604,"tf.Tensor([False  True], shape=(2,), dtype=bool)",[1.6973867e-32 1.0000000e+00]
605,"tf.Tensor([False  True], shape=(2,), dtype=bool)",[1.8789601e-22 1.0000000e+00]
606,"tf.Tensor([False  True], shape=(2,), dtype=bool)",[1.0633716e-20 1.0000000e+00]
607,"tf.Tensor([False  True], shape=(2,), dtype=bool)",[1.2930221e-20 1.0000000e+00]
608,"tf.Tensor([False  True], shape=(2,), dtype=bool)",[2.3859342e-30 1.0000000e+00]
609,"tf.Tensor([ True False], shape=(2,), dtype=bool)",[0. 1.]
610,"tf.Tensor([False  True], shape=(2,), dtype=bool)",[2.293152e-19 1.000000e+00]
611,"tf.Tensor([False  True], shape=(2,), dtype=bool)",[6.946679e-21 1.000000e+00]
612,"tf.Tensor([False  True], shape=(2,), dtype=bool)",[1.3266676e-35 1.0000000e+00]
613,"tf.Tensor([ True False], shape=(2,), dtype=bool)",[3.7978253e-07 9.9999964e-01]
614,"tf.Tensor([False  True], shape=(2,), dtype=bool)",[1.0247085e-19 1.0000000e+00]
615,"tf.Tensor([False  True], shape=(2,), dtype=bool)",[1.0131098e-20 1.0000000e+00]
616,"tf.Tensor([False  True], shape=(2,), dtype=bool)",[0. 1.]
617,"tf.Tensor([False  True], shape=(2,), dtype=bool)",[3.0734164e-18 1.0000000e+00]
618,"tf.Tensor([False  True], shape=(2,), dtype=bool)",[3.3760465e-30 1.0000000e+00]
619,"tf.Tensor([ True False], shape=(2,), dtype=bool)",[3.3785942e-05 9.9996626e-01]
620,"tf.Tensor([ True False], shape=(2,), dtype=bool)",[1.108756e-12 1.000000e+00]
621,"tf.Tensor([False  True], shape=(2,), dtype=bool)",[2.3954637e-23 1.0000000e+00]
622,"tf.Tensor([ True False], shape=(2,), dtype=bool)",[0.894988   0.10501199]
623,"tf.Tensor([False  True], shape=(2,), dtype=bool)",[3.955838e-19 1.000000e+00]
